id,name,description,image_path,price,category,visible,featured,sort_order,stock
1,Turtle Check Men Navy Blue Shirt,Apparel Turtle Check Men Navy Blue Shirt,data/images/product_0.jpg,999.0,Apparel,1,0,201,98
2,Peter England Men Party Blue Jeans,Apparel Peter England Men Party Blue Jeans,data/images/product_1.jpg,999.0,Apparel,1,0,2,99
3,Titan Women Silver Watch,Accessories Titan Women Silver Watch,data/images/product_2.jpg,999.0,Accessories,1,0,3,99
4,Manchester United Men Solid Black Track Pants,Apparel Manchester United Men Solid Black Track Pants,data/images/product_3.jpg,999.0,Apparel,1,0,4,99
5,Puma Men Grey T-shirt,Apparel Puma Men Grey T-shirt,data/images/product_4.jpg,999.0,Apparel,1,0,5,99
6,Inkfruit Mens Chain Reaction T-shirt,Apparel Inkfruit Mens Chain Reaction T-shirt,data/images/product_5.jpg,999.0,Apparel,1,0,6,99
7,Fabindia Men Striped Green Shirt,Apparel Fabindia Men Striped Green Shirt,data/images/product_6.jpg,999.0,Apparel,1,0,7,99
8,Jealous 21 Women Purple Shirt,Apparel Jealous 21 Women Purple Shirt,data/images/product_7.jpg,999.0,Apparel,1,0,8,99
9,Puma Men Pack of 3 Socks,Accessories Puma Men Pack of 3 Socks,data/images/product_8.jpg,999.0,Accessories,1,0,9,99
10,Skagen Men Black Watch,Accessories Skagen Men Black Watch,data/images/product_9.jpg,999.0,Accessories,1,0,10,99
11,Puma Men Future Cat Remix SF Black Casual Shoes,Footwear Puma Men Future Cat Remix SF Black Casual Shoes,data/images/product_10.jpg,999.0,Footwear,1,0,11,99
12,Fossil Women Black Huarache Weave Belt,Accessories Fossil Women Black Huarache Weave Belt,data/images/product_11.jpg,999.0,Accessories,1,0,12,99
13,Fila Men Cush Flex Black Slippers,Footwear Fila Men Cush Flex Black Slippers,data/images/product_12.jpg,999.0,Footwear,1,0,13,99
14,Murcia Women Blue Handbag,Accessories Murcia Women Blue Handbag,data/images/product_13.jpg,999.0,Accessories,1,0,14,99
15,Ben 10 Boys Navy Blue Slippers,Footwear Ben 10 Boys Navy Blue Slippers,data/images/product_14.jpg,999.0,Footwear,1,0,15,99
16,Reid & Taylor Men Check Purple Shirts,Apparel Reid & Taylor Men Check Purple Shirts,data/images/product_15.jpg,999.0,Apparel,1,0,16,99
17,Police Men Black Dial Watch PL12889JVSB,Accessories Police Men Black Dial Watch PL12889JVSB,data/images/product_16.jpg,999.0,Accessories,1,0,17,99
18,Gini and Jony Girls Knit White Top,Apparel Gini and Jony Girls Knit White Top,data/images/product_17.jpg,999.0,Apparel,1,0,18,99
19,Bwitch Beige Full-Coverage Bra BW335,Apparel Bwitch Beige Full-Coverage Bra BW335,data/images/product_18.jpg,999.0,Apparel,1,0,19,99
20,Baggit Women Brown Handbag,Accessories Baggit Women Brown Handbag,data/images/product_19.jpg,999.0,Accessories,1,0,20,99
21,CASIO G-Shock Men Black Digital Watch G-7710-1DR G223,Accessories CASIO G-Shock Men Black Digital Watch G-7710-1DR G223,data/images/product_20.jpg,999.0,Accessories,1,0,21,99
22,ADIDAS Men Spry M Black Sandals,Footwear ADIDAS Men Spry M Black Sandals,data/images/product_21.jpg,999.0,Footwear,1,0,22,99
23,Timberland Unisex Rubber Sole Brush Shoe Accessories,Accessories Timberland Unisex Rubber Sole Brush Shoe Accessories,data/images/product_22.jpg,999.0,Accessories,1,0,23,99
24,ADIDAS Men Lfc Auth Hood Grey Sweatshirts,Apparel ADIDAS Men Lfc Auth Hood Grey Sweatshirts,data/images/product_23.jpg,999.0,Apparel,1,0,24,99
25,David Beckham Signature Men Deos,Personal Care David Beckham Signature Men Deos,data/images/product_24.jpg,999.0,Personal Care,1,0,25,99
26,Buckaroo Men Flores Black Formal Shoes,Footwear Buckaroo Men Flores Black Formal Shoes,data/images/product_25.jpg,999.0,Footwear,1,0,26,99
27,Pitaraa Women Bronze Beaded Bracelet,Accessories Pitaraa Women Bronze Beaded Bracelet,data/images/product_26.jpg,999.0,Accessories,1,0,27,99
28,Fila Men's Round Neck Navy Blue T-shirt,Apparel Fila Men's Round Neck Navy Blue T-shirt,data/images/product_27.jpg,999.0,Apparel,1,0,28,99
29,Colorbar Soft Touch Show Stopper Copper Lipstick 037,Personal Care Colorbar Soft Touch Show Stopper Copper Lipstick 037,data/images/product_28.jpg,999.0,Personal Care,1,0,29,99
30,Murcia Women Casual Brown Handbag,Accessories Murcia Women Casual Brown Handbag,data/images/product_29.jpg,999.0,Accessories,1,0,30,99
31,John Players Men Navy Blue Shirt,Apparel John Players Men Navy Blue Shirt,data/images/product_30.jpg,999.0,Apparel,1,0,31,99
32,Disney Kids Boy's Crew Sea Life Sialing Green Teen Kidswear,Apparel Disney Kids Boy's Crew Sea Life Sialing Green Teen Kidswear,data/images/product_31.jpg,999.0,Apparel,1,0,32,99
33,John Players Men Brown Shirt,Apparel John Players Men Brown Shirt,data/images/product_32.jpg,999.0,Apparel,1,0,33,99
34,Gas Men Europa White Shoes,Footwear Gas Men Europa White Shoes,data/images/product_33.jpg,999.0,Footwear,1,0,34,99
35,Carlton London Women Black & Gold Toned Flats,Footwear Carlton London Women Black & Gold Toned Flats,data/images/product_34.jpg,999.0,Footwear,1,0,35,99
36,Diva Women Embroided Green Kurta,Apparel Diva Women Embroided Green Kurta,data/images/product_35.jpg,999.0,Apparel,1,0,36,99
37,Rocky S Women White Handbag,Accessories Rocky S Women White Handbag,data/images/product_36.jpg,999.0,Accessories,1,0,37,99
38,Kiara Women Teal Handbag,Accessories Kiara Women Teal Handbag,data/images/product_37.jpg,999.0,Accessories,1,0,38,99
39,Fossil Women Copper Chronograph Watch CH2589,Accessories Fossil Women Copper Chronograph Watch CH2589,data/images/product_38.jpg,999.0,Accessories,1,0,39,99
40,Jealous 21 Women's Pink T-shirt,Apparel Jealous 21 Women's Pink T-shirt,data/images/product_39.jpg,999.0,Apparel,1,0,40,99
41,Peter England Men Formal Black Belt,Accessories Peter England Men Formal Black Belt,data/images/product_40.jpg,999.0,Accessories,1,0,41,99
42,Catwalk Women Leather Brown Flats,Footwear Catwalk Women Leather Brown Flats,data/images/product_41.jpg,999.0,Footwear,1,0,42,99
43,Maxima Ssteele Men Off White Watch,Accessories Maxima Ssteele Men Off White Watch,data/images/product_42.jpg,999.0,Accessories,1,0,43,99
44,W Women Printed Beige Kurta,Apparel W Women Printed Beige Kurta,data/images/product_43.jpg,999.0,Apparel,1,0,44,99
45,Scullers Men  Grey Waistcoat,Apparel Scullers Men  Grey Waistcoat,data/images/product_44.jpg,999.0,Apparel,1,0,45,99
46,Nike Men's Incinerate MSL White Blue Shoe,Footwear Nike Men's Incinerate MSL White Blue Shoe,data/images/product_45.jpg,999.0,Footwear,1,0,46,99
47,Puma Men Long Logo Black Bermuda,Apparel Puma Men Long Logo Black Bermuda,data/images/product_46.jpg,999.0,Apparel,1,0,47,99
48,Levis Men Boxer Maroon Brief,Apparel Levis Men Boxer Maroon Brief,data/images/product_47.jpg,999.0,Apparel,1,0,48,99
49,John Miller Men Stripes White Red Shirts,Apparel John Miller Men Stripes White Red Shirts,data/images/product_48.jpg,999.0,Apparel,1,0,49,99
50,Baggit Women Hood Dabang Black Belt,Accessories Baggit Women Hood Dabang Black Belt,data/images/product_49.jpg,999.0,Accessories,1,0,50,99
51,Maxima Women White Dial Watch,Accessories Maxima Women White Dial Watch,data/images/product_50.jpg,999.0,Accessories,1,0,51,99
52,Clarks Men Hang Work Leather Black Formal Shoes,Footwear Clarks Men Hang Work Leather Black Formal Shoes,data/images/product_51.jpg,999.0,Footwear,1,0,52,99
53,Vishudh Women Brown Kurta,Apparel Vishudh Women Brown Kurta,data/images/product_52.jpg,999.0,Apparel,1,0,53,99
54,Playboy Men Blue Titanium Briefs,Apparel Playboy Men Blue Titanium Briefs,data/images/product_53.jpg,999.0,Apparel,1,0,54,99
55,Arrow Men Black Formal Shoes,Footwear Arrow Men Black Formal Shoes,data/images/product_54.jpg,999.0,Footwear,1,0,55,99
56,Puma Men's Stripe Polo Black T-shirt,Apparel Puma Men's Stripe Polo Black T-shirt,data/images/product_55.jpg,999.0,Apparel,1,0,56,99
57,Nike Women Purple Polo T-shirt,Apparel Nike Women Purple Polo T-shirt,data/images/product_56.jpg,999.0,Apparel,1,0,57,99
58,Gini and Jony Boy's Kaleb White Brown Kidswear,Apparel Gini and Jony Boy's Kaleb White Brown Kidswear,data/images/product_57.jpg,999.0,Apparel,1,0,58,99
59,Carrera Men Dial steel finish strap Silver Watches,Accessories Carrera Men Dial steel finish strap Silver Watches,data/images/product_58.jpg,999.0,Accessories,1,0,59,99
60,Wrangler Men Motor Rider Red T-Shirts,Apparel Wrangler Men Motor Rider Red T-Shirts,data/images/product_59.jpg,999.0,Apparel,1,0,60,99
61,FNF Pink & Grey Wedding Collection Sari,Apparel FNF Pink & Grey Wedding Collection Sari,data/images/product_60.jpg,999.0,Apparel,1,0,61,99
62,Puma Men Scribble Black Tshirts,Apparel Puma Men Scribble Black Tshirts,data/images/product_61.jpg,999.0,Apparel,1,0,62,99
63,CASIO EDIFICE Men Black Dial Chronograph Watch ED60,Accessories CASIO EDIFICE Men Black Dial Chronograph Watch ED60,data/images/product_62.jpg,999.0,Accessories,1,0,63,99
64,French Connection Women Beige Handbag,Accessories French Connection Women Beige Handbag,data/images/product_63.jpg,999.0,Accessories,1,0,64,99
65,Timberland Men Black Casual Shoes,Footwear Timberland Men Black Casual Shoes,data/images/product_64.jpg,999.0,Footwear,1,0,65,99
66,Vans Men Classic Slip-On Purple & Black Shoes,Footwear Vans Men Classic Slip-On Purple & Black Shoes,data/images/product_65.jpg,999.0,Footwear,1,0,66,99
67,Police Women Passion Perfume,Personal Care Police Women Passion Perfume,data/images/product_66.jpg,999.0,Personal Care,1,0,67,99
68,ADIDAS Men's Lowell White Silver Shoe,Footwear ADIDAS Men's Lowell White Silver Shoe,data/images/product_67.jpg,999.0,Footwear,1,0,68,99
69,Do U Speak Green Men Blue Shorts,Apparel Do U Speak Green Men Blue Shorts,data/images/product_68.jpg,999.0,Apparel,1,0,69,99
70,ID Men Red Shoes,Footwear ID Men Red Shoes,data/images/product_69.jpg,999.0,Footwear,1,0,70,99
71,Peperone Women Black & White Handbag,Accessories Peperone Women Black & White Handbag,data/images/product_70.jpg,999.0,Accessories,1,0,71,99
72,Vans Men Khaki Shoes,Footwear Vans Men Khaki Shoes,data/images/product_71.jpg,999.0,Footwear,1,0,72,99
73,Indigo Nation Men Reversible Bling Pink Shirts,Apparel Indigo Nation Men Reversible Bling Pink Shirts,data/images/product_72.jpg,999.0,Apparel,1,0,73,99
74,Nike Women Black T-shirt,Apparel Nike Women Black T-shirt,data/images/product_73.jpg,999.0,Apparel,1,0,74,99
75,ADIDAS Men Blue Sweatshirt,Apparel ADIDAS Men Blue Sweatshirt,data/images/product_74.jpg,999.0,Apparel,1,0,75,99
76,Manchester United Men Solid Red Tshirt,Apparel Manchester United Men Solid Red Tshirt,data/images/product_75.jpg,999.0,Apparel,1,0,76,99
77,Rocia Women Black Flats,Footwear Rocia Women Black Flats,data/images/product_76.jpg,999.0,Footwear,1,0,77,99
78,Catwalk Women Leather Flats,Footwear Catwalk Women Leather Flats,data/images/product_77.jpg,999.0,Footwear,1,0,78,99
79,Mineral Women Green Top,Apparel Mineral Women Green Top,data/images/product_78.jpg,999.0,Apparel,1,0,79,99
80,Crocs Dora Boots Pink Sandals,Footwear Crocs Dora Boots Pink Sandals,data/images/product_79.jpg,999.0,Footwear,1,0,80,99
81,Image Men Sunglasses,Accessories Image Men Sunglasses,data/images/product_80.jpg,999.0,Accessories,1,0,81,99
82,Lotto Men XL Water Man Silver Slippers,Footwear Lotto Men XL Water Man Silver Slippers,data/images/product_81.jpg,999.0,Footwear,1,0,82,99
83,United Colors of Benetton Men Solid Pink Polo T-shirts,Apparel United Colors of Benetton Men Solid Pink Polo T-shirts,data/images/product_82.jpg,999.0,Apparel,1,0,83,99
84,Levis Men Comfort Style Grey Innerwear Vest,Apparel Levis Men Comfort Style Grey Innerwear Vest,data/images/product_83.jpg,999.0,Apparel,1,0,84,99
85,Reebok Men Black Possession Flip Flops,Footwear Reebok Men Black Possession Flip Flops,data/images/product_84.jpg,999.0,Footwear,1,0,85,99
86,Lucera Women Silver Pendant,Accessories Lucera Women Silver Pendant,data/images/product_85.jpg,999.0,Accessories,1,0,86,99
87,Maxima Men White Dial Analog Chronograph Watch,Accessories Maxima Men White Dial Analog Chronograph Watch,data/images/product_86.jpg,999.0,Accessories,1,0,87,99
88,Peter England Unisex Orange Sleeve Bag,Accessories Peter England Unisex Orange Sleeve Bag,data/images/product_87.jpg,999.0,Accessories,1,0,88,99
89,Puma Men Axis White & Grey Sports Shoes,Footwear Puma Men Axis White & Grey Sports Shoes,data/images/product_88.jpg,999.0,Footwear,1,0,89,99
90,Tonga Women Maroon Top,Apparel Tonga Women Maroon Top,data/images/product_89.jpg,999.0,Apparel,1,0,90,99
91,Femella Women Brown Scarf,Accessories Femella Women Brown Scarf,data/images/product_90.jpg,999.0,Accessories,1,0,91,99
92,ADIDAS Men's Twelve Faster T-shirt,Apparel ADIDAS Men's Twelve Faster T-shirt,data/images/product_91.jpg,999.0,Apparel,1,0,92,99
93,Arrow Woman Women Blue Dress,Apparel Arrow Woman Women Blue Dress,data/images/product_92.jpg,999.0,Apparel,1,0,93,99
94,Levis Men Red Brief,Apparel Levis Men Red Brief,data/images/product_93.jpg,999.0,Apparel,1,0,94,99
95,Ganuchi Men Casual Black Sandals,Footwear Ganuchi Men Casual Black Sandals,data/images/product_94.jpg,999.0,Footwear,1,0,95,99
96,SDL by Sweet Dreams Women Green Printed Night Suit S11-3124,Apparel SDL by Sweet Dreams Women Green Printed Night Suit S11-3124,data/images/product_95.jpg,999.0,Apparel,1,0,96,99
97,Indigo Nation Men Printed Black T-shirt,Apparel Indigo Nation Men Printed Black T-shirt,data/images/product_96.jpg,999.0,Apparel,1,0,97,99
98,DKNY Women Red Delicious Perfume,Personal Care DKNY Women Red Delicious Perfume,data/images/product_97.jpg,999.0,Personal Care,1,0,98,99
99,Urban Yoga Women Blue Skirt With Leggings,Apparel Urban Yoga Women Blue Skirt With Leggings,data/images/product_98.jpg,999.0,Apparel,1,0,99,99
100,Gini and Jony Girls Black Top,Apparel Gini and Jony Girls Black Top,data/images/product_99.jpg,999.0,Apparel,1,0,100,99
101,Nike Men Air Rift MTR White Casual Shoe,Footwear Nike Men Air Rift MTR White Casual Shoe,data/images/product_100.jpg,999.0,Footwear,1,0,101,99
102,ADIDAS Men White Corona Sports Shoes,Footwear ADIDAS Men White Corona Sports Shoes,data/images/product_101.jpg,999.0,Footwear,1,0,102,99
103,Fastrack Unisex Black Dial Watch 9915PP13,Accessories Fastrack Unisex Black Dial Watch 9915PP13,data/images/product_102.jpg,999.0,Accessories,1,0,103,99
104,Vans Men Blue Era Scilla Plaid Shoes,Footwear Vans Men Blue Era Scilla Plaid Shoes,data/images/product_103.jpg,999.0,Footwear,1,0,104,99
105,Crocs Kids Navy Blue Clogs,Footwear Crocs Kids Navy Blue Clogs,data/images/product_104.jpg,999.0,Footwear,1,0,105,99
106,Classic Polo Men Vulcan White Polo Tshirts,Apparel Classic Polo Men Vulcan White Polo Tshirts,data/images/product_105.jpg,999.0,Apparel,1,0,106,99
107,Fila Men Destiny Grey Sports Shoes,Footwear Fila Men Destiny Grey Sports Shoes,data/images/product_106.jpg,999.0,Footwear,1,0,107,99
108,ADIDAS Men Blue Chill Sports Shoes,Footwear ADIDAS Men Blue Chill Sports Shoes,data/images/product_107.jpg,999.0,Footwear,1,0,108,99
109,Turtle Check Men Yellow Shirt,Apparel Turtle Check Men Yellow Shirt,data/images/product_108.jpg,999.0,Apparel,1,0,109,99
110,Arrow Men Black Wallet,Accessories Arrow Men Black Wallet,data/images/product_109.jpg,999.0,Accessories,1,0,110,99
111,Catwalk Women Gun Metal Grey Heels,Footwear Catwalk Women Gun Metal Grey Heels,data/images/product_110.jpg,999.0,Footwear,1,0,111,99
112,United Colors of Benetton Women Solid Beige Wallets,Accessories United Colors of Benetton Women Solid Beige Wallets,data/images/product_111.jpg,999.0,Accessories,1,0,112,99
113,Lotto Men Ridge Brown Sandals,Footwear Lotto Men Ridge Brown Sandals,data/images/product_112.jpg,999.0,Footwear,1,0,113,99
114,U.S. Polo Assn. Men White & Navy Blue Shirt,Apparel U.S. Polo Assn. Men White & Navy Blue Shirt,data/images/product_113.jpg,999.0,Apparel,1,0,114,99
115,Jockey ELANCE Men Bikini White Brief 1005,Apparel Jockey ELANCE Men Bikini White Brief 1005,data/images/product_114.jpg,999.0,Apparel,1,0,115,99
116,Scullers For Her Charcoal Blazer,Apparel Scullers For Her Charcoal Blazer,data/images/product_115.jpg,999.0,Apparel,1,0,116,99
117,Jealous 21 Women Black Jeans,Apparel Jealous 21 Women Black Jeans,data/images/product_116.jpg,999.0,Apparel,1,0,117,99
118,iPanema Women Red Flip Flops,Footwear iPanema Women Red Flip Flops,data/images/product_117.jpg,999.0,Footwear,1,0,118,99
119,Fabindia Women Blue Silk Sling Bag,Accessories Fabindia Women Blue Silk Sling Bag,data/images/product_118.jpg,999.0,Accessories,1,0,119,99
120,Carlton London Women Silver Wedge Sandal,Footwear Carlton London Women Silver Wedge Sandal,data/images/product_119.jpg,999.0,Footwear,1,0,120,99
121,Sushilas Women Printed Green Kurta,Apparel Sushilas Women Printed Green Kurta,data/images/product_120.jpg,999.0,Apparel,1,0,121,99
122,Lucera Women Silver Ring,Accessories Lucera Women Silver Ring,data/images/product_121.jpg,999.0,Accessories,1,0,122,99
123,Doodle Boy's Route 66 Biker Blue Teen Kidswear,Apparel Doodle Boy's Route 66 Biker Blue Teen Kidswear,data/images/product_122.jpg,999.0,Apparel,1,0,123,99
124,ADIDAS Unisex Three Small Dials White Watches,Accessories ADIDAS Unisex Three Small Dials White Watches,data/images/product_123.jpg,999.0,Accessories,1,0,124,99
125,Ray-Ban Men Active Lifestyle Copper Sunglasses,Accessories Ray-Ban Men Active Lifestyle Copper Sunglasses,data/images/product_124.jpg,999.0,Accessories,1,0,125,99
126,ADIDAS Kids Adispeed Black Sports Shoes,Footwear ADIDAS Kids Adispeed Black Sports Shoes,data/images/product_125.jpg,999.0,Footwear,1,0,126,99
127,Scullers Men  Green Check Shirt,Apparel Scullers Men  Green Check Shirt,data/images/product_126.jpg,999.0,Apparel,1,0,127,99
128,Puma Men Fashion Cat White Slipper,Footwear Puma Men Fashion Cat White Slipper,data/images/product_127.jpg,999.0,Footwear,1,0,128,99
129,Fastrack Men Economy 2 Analg Black Watch,Accessories Fastrack Men Economy 2 Analg Black Watch,data/images/product_128.jpg,999.0,Accessories,1,0,129,99
130,United Colors of Benetton Men Solid Blue Sweatshirt,Apparel United Colors of Benetton Men Solid Blue Sweatshirt,data/images/product_129.jpg,999.0,Apparel,1,0,130,99
131,Puma Men's Large Logo Graphic Black T-shirt,Apparel Puma Men's Large Logo Graphic Black T-shirt,data/images/product_130.jpg,999.0,Apparel,1,0,131,99
132,Giorgio Armani Women Idole Perfume,Personal Care Giorgio Armani Women Idole Perfume,data/images/product_131.jpg,999.0,Personal Care,1,0,132,99
133,Aneri Women Black & Maroon Salwar Suit,Apparel Aneri Women Black & Maroon Salwar Suit,data/images/product_132.jpg,999.0,Apparel,1,0,133,99
134,Spice Art Women Ribbon Embroidery Red Clutch,Accessories Spice Art Women Ribbon Embroidery Red Clutch,data/images/product_133.jpg,999.0,Accessories,1,0,134,99
135,Estd. 1977 Men Beige & Green Sandals,Footwear Estd. 1977 Men Beige & Green Sandals,data/images/product_134.jpg,999.0,Footwear,1,0,135,99
136,Rocky S Women Brown Handbag,Accessories Rocky S Women Brown Handbag,data/images/product_135.jpg,999.0,Accessories,1,0,136,99
137,Coolers Men Black Sandals,Footwear Coolers Men Black Sandals,data/images/product_136.jpg,999.0,Footwear,1,0,137,99
138,Levis Men Check Red Shirts,Apparel Levis Men Check Red Shirts,data/images/product_137.jpg,999.0,Apparel,1,0,138,99
139,Tonga Women Pink Printed Shrug,Apparel Tonga Women Pink Printed Shrug,data/images/product_138.jpg,999.0,Apparel,1,0,139,99
140,Chromozome Men Grey Briefs,Apparel Chromozome Men Grey Briefs,data/images/product_139.jpg,999.0,Apparel,1,0,140,99
141,U.S. Polo Assn. Men Stripes Black  Polo Tshirt,Apparel U.S. Polo Assn. Men Stripes Black  Polo Tshirt,data/images/product_140.jpg,999.0,Apparel,1,0,141,99
142,Portia Women Copper-Toned & Brown Sandals,Footwear Portia Women Copper-Toned & Brown Sandals,data/images/product_141.jpg,999.0,Footwear,1,0,142,99
143,Spykar Men Black and white Check Shirt,Apparel Spykar Men Black and white Check Shirt,data/images/product_142.jpg,999.0,Apparel,1,0,143,99
144,Nike Unisex Swoosh Black Backpack,Accessories Nike Unisex Swoosh Black Backpack,data/images/product_143.jpg,999.0,Accessories,1,0,144,99
145,Myntra Men's Brain Black T-shirt,Apparel Myntra Men's Brain Black T-shirt,data/images/product_144.jpg,999.0,Apparel,1,0,145,99
146,Nike Men Air Relentless 2 MSL White Sports Shoes,Footwear Nike Men Air Relentless 2 MSL White Sports Shoes,data/images/product_145.jpg,999.0,Footwear,1,0,146,99
147,ADIDAS Men Black Anzo Breeze Casual Shoes,Footwear ADIDAS Men Black Anzo Breeze Casual Shoes,data/images/product_146.jpg,999.0,Footwear,1,0,147,99
148,Fastrack Women White Dial Watch,Accessories Fastrack Women White Dial Watch,data/images/product_147.jpg,999.0,Accessories,1,0,148,99
149,Revv Men Steel Bracelet,Accessories Revv Men Steel Bracelet,data/images/product_148.jpg,999.0,Accessories,1,0,149,99
150,Lovable Women All Day Long Black Bra,Apparel Lovable Women All Day Long Black Bra,data/images/product_149.jpg,999.0,Apparel,1,0,150,99
151,Manchester United Men Solid White Cap,Accessories Manchester United Men Solid White Cap,data/images/product_150.jpg,999.0,Accessories,1,0,151,99
152,Rocia Women Black Heels,Footwear Rocia Women Black Heels,data/images/product_151.jpg,999.0,Footwear,1,0,152,99
153,Puma Men ducati logo tee Yellow Tshirts,Apparel Puma Men ducati logo tee Yellow Tshirts,data/images/product_152.jpg,999.0,Apparel,1,0,153,99
154,Numero Uno Men White Casual Shoes,Footwear Numero Uno Men White Casual Shoes,data/images/product_153.jpg,999.0,Footwear,1,0,154,99
155,Q&Q Men Silver-Toned Dial Analogue Watch Q252J404Y,Accessories Q&Q Men Silver-Toned Dial Analogue Watch Q252J404Y,data/images/product_154.jpg,999.0,Accessories,1,0,155,99
156,Levis Men White Innerwear Vest,Apparel Levis Men White Innerwear Vest,data/images/product_155.jpg,999.0,Apparel,1,0,156,99
157,Maxima Men Black Dial Watch,Accessories Maxima Men Black Dial Watch,data/images/product_156.jpg,999.0,Accessories,1,0,157,99
158,Wrangler Men's Minstrel Shoulder Loop Purple T-shirt,Apparel Wrangler Men's Minstrel Shoulder Loop Purple T-shirt,data/images/product_157.jpg,999.0,Apparel,1,0,158,99
159,Wrangler Men Furious Rides Navy Blue T-Shirts,Apparel Wrangler Men Furious Rides Navy Blue T-Shirts,data/images/product_158.jpg,999.0,Apparel,1,0,159,99
160,FNF Green Wedding Collection Sari,Apparel FNF Green Wedding Collection Sari,data/images/product_159.jpg,999.0,Apparel,1,0,160,99
161,Rockport Men LLandro Red Casual Shoes,Footwear Rockport Men LLandro Red Casual Shoes,data/images/product_160.jpg,999.0,Footwear,1,0,161,99
162,Skechers Women Green Shoe,Footwear Skechers Women Green Shoe,data/images/product_161.jpg,999.0,Footwear,1,0,162,99
163,Maxima Men Ssteele Silver Dial Watch,Accessories Maxima Men Ssteele Silver Dial Watch,data/images/product_162.jpg,999.0,Accessories,1,0,163,99
164,Titan Men Gold Dial Watch,Accessories Titan Men Gold Dial Watch,data/images/product_163.jpg,999.0,Accessories,1,0,164,99
165,John Miller Men Solid Type Black Trousers,Apparel John Miller Men Solid Type Black Trousers,data/images/product_164.jpg,999.0,Apparel,1,0,165,99
166,Locomotive Men Navy Blue Printed T-shirt,Apparel Locomotive Men Navy Blue Printed T-shirt,data/images/product_165.jpg,999.0,Apparel,1,0,166,99
167,Maxima Men Brown Dial Watch,Accessories Maxima Men Brown Dial Watch,data/images/product_166.jpg,999.0,Accessories,1,0,167,99
168,United Colors Of Benetton Women Light Winter Black Sweatshirts,Apparel United Colors Of Benetton Women Light Winter Black Sweatshirts,data/images/product_167.jpg,999.0,Apparel,1,0,168,99
169,Catwalk Women Brown Sandals,Footwear Catwalk Women Brown Sandals,data/images/product_168.jpg,999.0,Footwear,1,0,169,99
170,Nike Fragrances Women 5th Element Perfume 150 ml,Personal Care Nike Fragrances Women 5th Element Perfume 150 ml,data/images/product_169.jpg,999.0,Personal Care,1,0,170,99
171,Kiara Women Graphiti White Handbag,Accessories Kiara Women Graphiti White Handbag,data/images/product_170.jpg,999.0,Accessories,1,0,171,99
172,Louis Philippe Men Grey Sunglasses,Accessories Louis Philippe Men Grey Sunglasses,data/images/product_171.jpg,999.0,Accessories,1,0,172,99
173,Mark Taylor Men Striped Blue Shirt,Apparel Mark Taylor Men Striped Blue Shirt,data/images/product_172.jpg,999.0,Apparel,1,0,173,99
174,Fabindia Women Anusuya Silver Earrings,Accessories Fabindia Women Anusuya Silver Earrings,data/images/product_173.jpg,999.0,Accessories,1,0,174,99
175,Lotto Unisex Canvas Black Check Shoe,Footwear Lotto Unisex Canvas Black Check Shoe,data/images/product_174.jpg,999.0,Footwear,1,0,175,99
176,Peter England Men Casual Tan Belt,Accessories Peter England Men Casual Tan Belt,data/images/product_175.jpg,999.0,Accessories,1,0,176,99
177,Arrow Men Formal Black Shoe,Footwear Arrow Men Formal Black Shoe,data/images/product_176.jpg,999.0,Footwear,1,0,177,99
178,Lino Perros Women Weaved  Grey Belt,Accessories Lino Perros Women Weaved  Grey Belt,data/images/product_177.jpg,999.0,Accessories,1,0,178,99
179,Lee Women Paula Blue Top,Apparel Lee Women Paula Blue Top,data/images/product_178.jpg,999.0,Apparel,1,0,179,99
180,Vans Unisex Black & Grey Classic Shoes,Footwear Vans Unisex Black & Grey Classic Shoes,data/images/product_179.jpg,999.0,Footwear,1,0,180,99
181,United Colors of Benetton Men Short Black Shirts,Apparel United Colors of Benetton Men Short Black Shirts,data/images/product_180.jpg,999.0,Apparel,1,0,181,99
182,Reebok Men Pack of 2 Pirates of the Caribbean Deos,Personal Care Reebok Men Pack of 2 Pirates of the Caribbean Deos,data/images/product_181.jpg,999.0,Personal Care,1,0,182,99
183,Nike Men Printed Black T-shirt,Apparel Nike Men Printed Black T-shirt,data/images/product_182.jpg,999.0,Apparel,1,0,183,99
184,Colorbar Soft Touch Mousse Lipstick 025,Personal Care Colorbar Soft Touch Mousse Lipstick 025,data/images/product_183.jpg,999.0,Personal Care,1,0,184,99
185,Murcia Women Casual Brown Handbag,Accessories Murcia Women Casual Brown Handbag,data/images/product_184.jpg,999.0,Accessories,1,0,185,99
186,ONLY Women directoire blue Trousers,Apparel ONLY Women directoire blue Trousers,data/images/product_185.jpg,999.0,Apparel,1,0,186,99
187,Colour me Women Flowers Deo,Personal Care Colour me Women Flowers Deo,data/images/product_186.jpg,999.0,Personal Care,1,0,187,99
188,Gini and Jony Girls Pretty Blossom Blue Top,Apparel Gini and Jony Girls Pretty Blossom Blue Top,data/images/product_187.jpg,999.0,Apparel,1,0,188,99
189,Carlton London Men Formal Brown Formal Shoes,Footwear Carlton London Men Formal Brown Formal Shoes,data/images/product_188.jpg,999.0,Footwear,1,0,189,99
190,Vishudh Women Red Printed Kurta,Apparel Vishudh Women Red Printed Kurta,data/images/product_189.jpg,999.0,Apparel,1,0,190,99
191,ADIDAS Unisex Response ST Analogue Black Watch,Accessories ADIDAS Unisex Response ST Analogue Black Watch,data/images/product_190.jpg,999.0,Accessories,1,0,191,99
192,s.Oliver Women Stripes Beige Top,Apparel s.Oliver Women Stripes Beige Top,data/images/product_191.jpg,999.0,Apparel,1,0,192,99
193,Nike Women Solid Pink Shorts,Apparel Nike Women Solid Pink Shorts,data/images/product_192.jpg,999.0,Apparel,1,0,193,99
194,Red Rose Maroon Camisole,Apparel Red Rose Maroon Camisole,data/images/product_193.jpg,999.0,Apparel,1,0,194,99
195,Probase Multicoloured Printed Boxers,Apparel Probase Multicoloured Printed Boxers,data/images/product_194.jpg,999.0,Apparel,1,0,195,99
196,Classic Polo Men Stripes Blue Tshirts,Apparel Classic Polo Men Stripes Blue Tshirts,data/images/product_195.jpg,999.0,Apparel,1,0,196,99
197,Baggit Women Blue Bag,Accessories Baggit Women Blue Bag,data/images/product_196.jpg,999.0,Accessories,1,0,197,99
198,UCB Men's Polo Neck With Lion Logo Navy Blue T-shirt,Apparel UCB Men's Polo Neck With Lion Logo Navy Blue T-shirt,data/images/product_197.jpg,999.0,Apparel,1,0,198,99
199,Doodle Kids Girls Pink I love Shopping Top,Apparel Doodle Kids Girls Pink I love Shopping Top,data/images/product_198.jpg,999.0,Apparel,1,0,199,99
200,Lotto Men Atlantica Black Sports Shoe,Footwear Lotto Men Atlantica Black Sports Shoe,data/images/product_199.jpg,999.0,Footwear,1,0,200,99
201,耶,茹宝宝比的耶✌️无价之宝,data/images/product_201.jpg,999999.0,Apparel,1,1,1,99
